{"v":"5.5.10","fr":29.9700012207031,"ip":0,"op":97.000003950891,"w":512,"h":512,"nm":"Comp 1","ddd":0,"assets":[{"id":"comp_0","layers":[{"ddd":0,"ind":1,"ty":4,"nm":"ic_downloading","sr":1,"ks":{"o":{"a":0,"k":100,"ix":11},"r":{"a":0,"k":0,"ix":10},"p":{"a":1,"k":[{"i":{"x":0.4,"y":1},"o":{"x":0.333,"y":0},"t":0,"s":[197.528,-259,0],"to":[0,73.333,0],"ti":[0,-118.5,0]},{"i":{"x":0.5,"y":1},"o":{"x":0.333,"y":0},"t":50,"s":[197.528,181,0],"to":[0,14.383,0],"ti":[0,0,0]},{"t":89.1262536301866,"s":[197.528,641,0]}],"ix":2},"a":{"a":0,"k":[128,128,0],"ix":1},"s":{"a":0,"k":[80,80,100],"ix":6}},"ao":0,"shapes":[{"ty":"gr","it":[{"ind":0,"ty":"sh","ix":1,"ks":{"a":0,"k":{"i":[[5.789,5.798],[5.789,-5.77],[0,0],[0,0],[8.185,0],[0,-8.185],[0,0],[0,0],[5.788,-5.77],[-5.78,-5.789],[0,0],[-3.789,0],[-2.893,2.894],[0,0]],"o":[[-5.788,-5.77],[0,0],[0,0],[0,-8.185],[-8.185,0],[0,0],[0,0],[-5.789,-5.77],[-5.78,5.798],[0,0],[2.894,2.894],[3.79,0],[0,0],[5.789,-5.789]],"v":[[87.656,14.212],[66.71,14.212],[14.814,66.102],[14.814,-101.878],[-0.009,-116.692],[-14.823,-101.878],[-14.823,66.09],[-66.701,14.212],[-87.665,14.212],[-87.665,35.169],[-10.482,112.352],[0,116.693],[10.482,112.352],[87.656,35.169]],"c":true},"ix":2},"nm":"Path 1","mn":"ADBE Vector Shape - Group","hd":false},{"ty":"fl","c":{"a":0,"k":[1,1,1,1],"ix":4},"o":{"a":0,"k":100,"ix":5},"r":1,"bm":0,"nm":"Fill 1","mn":"ADBE Vector Graphic - Fill","hd":false},{"ty":"tr","p":{"a":0,"k":[127.473,129.247],"ix":2},"a":{"a":0,"k":[0,0],"ix":1},"s":{"a":0,"k":[100,100],"ix":3},"r":{"a":0,"k":0,"ix":6},"o":{"a":0,"k":100,"ix":7},"sk":{"a":0,"k":0,"ix":4},"sa":{"a":0,"k":0,"ix":5},"nm":"Transform"}],"nm":"Group 1","np":2,"cix":2,"bm":0,"ix":1,"mn":"ADBE Vector Group","hd":false}],"ip":0,"op":775.000031566397,"st":0,"bm":0},{"ddd":0,"ind":2,"ty":4,"nm":"Shape Layer 1","sr":1,"ks":{"o":{"a":0,"k":100,"ix":11},"r":{"a":0,"k":0,"ix":10},"p":{"a":0,"k":[198,206,0],"ix":2},"a":{"a":0,"k":[0,0,0],"ix":1},"s":{"a":0,"k":[100,100,100],"ix":6}},"ao":0,"shapes":[{"ty":"gr","it":[{"d":1,"ty":"el","s":{"a":0,"k":[394,394],"ix":2},"p":{"a":0,"k":[0,0],"ix":3},"nm":"Ellipse Path 1","mn":"ADBE Vector Shape - Ellipse","hd":false},{"ty":"fl","c":{"a":0,"k":[0.35294117647058826,0.7411764705882353,0.5490196078431373,1],"ix":4},"o":{"a":0,"k":100,"ix":5},"r":1,"bm":0,"nm":"Fill 1","mn":"ADBE Vector Graphic - Fill","hd":false},{"ty":"tr","p":{"a":0,"k":[-1,-9],"ix":2},"a":{"a":0,"k":[0,0],"ix":1},"s":{"a":0,"k":[100,100],"ix":3},"r":{"a":0,"k":0,"ix":6},"o":{"a":0,"k":100,"ix":7},"sk":{"a":0,"k":0,"ix":4},"sa":{"a":0,"k":0,"ix":5},"nm":"Transform"}],"nm":"Ellipse 1","np":3,"cix":2,"bm":0,"ix":1,"mn":"ADBE Vector Group","hd":false}],"ip":0,"op":775.000031566397,"st":0,"bm":0}]}],"layers":[{"ddd":0,"ind":2,"ty":0,"nm":"Pre-comp 1","refId":"comp_0","sr":1,"ks":{"o":{"a":0,"k":100,"ix":11},"r":{"a":0,"k":0,"ix":10},"p":{"a":0,"k":[256,256,0],"ix":2},"a":{"a":0,"k":[197,197,0],"ix":1},"s":{"a":0,"k":[100,100,100],"ix":6}},"ao":0,"w":394,"h":394,"ip":0,"op":97.000003950891,"st":0,"bm":0}],"markers":[]}